Meter S/N:, "serial number"
Sensor, THERMO,QUAD, 1A365
Date, 10/7/2014 6:36:05 PM
Units, W
Timestamp, Measurement, X, Y, Sequence, Flags, Flags (interpreted), Period, Binary Data
0, 0.000384824757929891, 0, 0, 0, 0, 0, 0, 4ec2c939 00000000 00000000 0000 00000000 
0.1, -0.00062180554959923, 0, 0, 100000, 32, NegativePower, 0, aa0023ba 00000000 00000000 2000 a0860100 
0.2, -0.000844681344460696, 0, 0, 200000, 32, NegativePower, 0, 9b6d5dba 00000000 00000000 2000 400d0300 
0.3, -0.000523738097399473, 0, 0, 300000, 32, NegativePower, 0, 784b09ba 00000000 00000000 2000 e0930400 
0.4, -0.00131153489928693, 0, 0, 400000, 32, NegativePower, 0, cfe7abba 00000000 00000000 2000 801a0600 
0.5, -0.000740390620194376, 0, 0, 500000, 32, NegativePower, 0, c61642ba 00000000 00000000 2000 20a10700 
0.6, 6.24680105829611E-05, 0, 0, 600000, 0, 0, 0, 42018338 00000000 00000000 0000 c0270900 
0.7, -0.00065493572037667, 0, 0, 700000, 32, NegativePower, 0, feaf2bba 00000000 00000000 2000 60ae0a00 
0.8, -0.00105182616971433, 0, 0, 800000, 32, NegativePower, 0, 6edd89ba 00000000 00000000 2000 00350c00 
0.9, -0.000700631295330822, 0, 0, 900000, 32, NegativePower, 0, 92aa37ba 00000000 00000000 2000 a0bb0d00 
1, -0.000615822616964579, 0, 0, 1000000, 32, NegativePower, 0, 286f21ba 00000000 00000000 2000 40420f00 
1.1, -0.000469291378976777, 0, 0, 1100000, 32, NegativePower, 0, 390bf6b9 00000000 00000000 2000 e0c81000 
1.2, -0.00100240134634078, 0, 0, 1200000, 32, NegativePower, 0, 026383ba 00000000 00000000 2000 804f1200 
1.3, -0.000393847440136597, 0, 0, 1300000, 32, NegativePower, 0, 4f7dceb9 00000000 00000000 2000 20d61300 
1.4, -0.000506138079799712, 0, 0, 1400000, 32, NegativePower, 0, 5aae04ba 00000000 00000000 2000 c05c1500 
1.5, -0.000147869912325405, 0, 0, 1500000, 32, NegativePower, 0, 870d1bb9 00000000 00000000 2000 60e31600 
1.6, 5.51188677491155E-05, 0, 0, 1600000, 0, 0, 0, 6f2f6738 00000000 00000000 0000 006a1800 
1.7, 0.000188510544830933, 0, 0, 1700000, 0, 0, 0, eaaa4539 00000000 00000000 0000 a0f01900 
1.8, -0.000801657675765455, 0, 0, 1800000, 32, NegativePower, 0, 562652ba 00000000 00000000 2000 40771b00 
1.9, -0.000374234426999465, 0, 0, 1900000, 32, NegativePower, 0, e534c4b9 00000000 00000000 2000 e0fd1c00 
2, -0.000389756460208446, 0, 0, 2000000, 32, NegativePower, 0, 3a58ccb9 00000000 00000000 2000 80841e00 
2.1, -0.000328470981912687, 0, 0, 2100000, 32, NegativePower, 0, a136acb9 00000000 00000000 2000 200b2000 
2.2, -0.000155273373820819, 0, 0, 2200000, 32, NegativePower, 0, e1d022b9 00000000 00000000 2000 c0912100 
2.3, -0.000471551378723234, 0, 0, 2300000, 32, NegativePower, 0, 8e3af7b9 00000000 00000000 2000 60182300 
2.4, -0.000169407125213183, 0, 0, 2400000, 32, NegativePower, 0, e1a231b9 00000000 00000000 2000 009f2400 
2.5, -0.000361852202331647, 0, 0, 2500000, 32, NegativePower, 0, fbb6bdb9 00000000 00000000 2000 a0252600 
2.6, -0.000648006971459836, 0, 0, 2600000, 32, NegativePower, 0, 03df29ba 00000000 00000000 2000 40ac2700 
2.7, -0.000423107616370544, 0, 0, 2700000, 32, NegativePower, 0, 8bd4ddb9 00000000 00000000 2000 e0322900 
2.8, -0.000109094289655332, 0, 0, 2800000, 32, NegativePower, 0, 8dc9e4b8 00000000 00000000 2000 80b92a00 
2.9, -0.000784753530751914, 0, 0, 2900000, 32, NegativePower, 0, ebb74dba 00000000 00000000 2000 20402c00 
3, -0.000487543933559209, 0, 0, 3000000, 32, NegativePower, 0, 0a9dffb9 00000000 00000000 2000 c0c62d00 
3.1, -0.000686162384226918, 0, 0, 3100000, 32, NegativePower, 0, 94df33ba 00000000 00000000 2000 604d2f00 
3.2, -0.000633728981483728, 0, 0, 3200000, 32, NegativePower, 0, d52026ba 00000000 00000000 2000 00d43000 
3.3, -8.35603859741241E-05, 0, 0, 3300000, 32, NegativePower, 0, 243dafb8 00000000 00000000 2000 a05a3200 
3.4, -0.000790865393355489, 0, 0, 3400000, 32, NegativePower, 0, 14524fba 00000000 00000000 2000 40e13300 
3.5, -0.000464104930870235, 0, 0, 3500000, 32, NegativePower, 0, 1c53f3b9 00000000 00000000 2000 e0673500 
3.6, 0.00413541775196791, 0, 0, 3600000, 0, 0, 0, 6682873b 00000000 00000000 0000 80ee3600 
3.7, 0.0124110030010343, -4.98383092880249, 9.5, 3700000, 4, Calculating, 0, 85574b3c 8b7b9fc0 00001841 0400 20753800 
3.8, 0.0212804730981588, -4.04249429702759, 8.74219417572021, 3800010, 4, Calculating, 0, 6354ae3c 1d5c81c0 07e00b41 0400 cafb3900 
3.9, 0.0300383567810059, -3.65150475502014, 8.01227951049805, 3900010, 4, Calculating, 0, 0013f63c 41b269c0 4c320041 0400 6a823b00 
4, 0.0392084755003452, -3.41459107398987, 7.20919466018677, 4000010, 4, Calculating, 0, 1199203d a9885ac0 b9b1e640 0400 0a093d00 
4.1, 0.0481903478503227, -2.88180112838745, 6.42560815811157, 4100010, 4, Calculating, 0, 3e63453d 6e6f38c0 959ecd40 0400 aa8f3e00 
4.2, 0.0551536493003368, -2.81420516967773, 6.07297945022583, 4200010, 4, Calculating, 0, cbe8613d f01b34c0 d955c240 0400 4a164000 
4.3, 0.0622941479086876, -2.4604959487915, 5.78619003295898, 4300010, 4, Calculating, 0, 26287f3d c4781dc0 7828b940 0400 ea9c4100 
4.4, 0.0680304244160652, -2.5250039100647, 5.52408170700073, 4400010, 4, Calculating, 0, 89538b3d aa9921c0 47c5b040 0400 8a234300 
4.5, 0.0741121172904968, -2.25395727157593, 5.518394947052, 4500010, 4, Calculating, 0, 18c8973d d64010c0 b196b040 0400 2aaa4400 
4.6, 0.0778843536973, -2.21876835823059, 5.35581541061401, 4600010, 4, Calculating, 0, d5819f3d 4d000ec0 d762ab40 0400 ca304600 
4.7, 0.082030400633812, -2.16618347167969, 5.13180351257324, 4700010, 4, Calculating, 0, 8effa73d c0a20ac0 bc37a440 0400 6ab74700 
4.8, 0.0859555602073669, -2.05155324935913, 4.97030448913574, 4800010, 4, Calculating, 0, 7809b03d a64c03c0 bc0c9f40 0400 0a3e4900 
4.9, 0.0891414359211922, -2.1479811668396, 4.90197944641113, 4900010, 4, Calculating, 0, c98fb63d 867809c0 04dd9c40 0400 aac44a00 
5, 0.0925930216908455, -1.93139922618866, 4.75976753234863, 5000010, 4, Calculating, 0, 69a1bd3d 1738f7bf 04509840 0400 4a4b4c00 
5.1, 0.0953765213489532, -1.99656534194946, 4.72704458236694, 5100010, 4, Calculating, 0, c454c33d 748fffbf f3439740 0400 ead14d00 
5.2, 0.0970040634274483, -1.99333953857422, 4.60053873062134, 5200010, 4, Calculating, 0, 11aac63d c025ffbf 9d379340 0400 8a584f00 
5.3, 0.100101508200169, -1.83194148540497, 4.48294973373413, 5300010, 4, Calculating, 0, 0502cd3d 0f7deabf 53748f40 0400 2adf5000 
5.4, 0.102138876914978, -1.77559328079224, 4.47574329376221, 5400010, 4, Calculating, 0, 302ed13d a446e3bf 4a398f40 0400 ca655200 
5.5, 0.10397681593895, -1.84120333194733, 4.39791059494019, 5500010, 4, Calculating, 0, ccf1d43d 8dacebbf afbb8c40 0400 6aec5300 
5.6, 0.105410657823086, -1.82248592376709, 4.35647630691528, 5600010, 4, Calculating, 0, 8be1d73d 3847e9bf 41688b40 0400 0a735500 
5.7, 0.107259564101696, -1.80180263519287, 4.33863925933838, 5700010, 4, Calculating, 0, e7aadb3d 78a1e6bf 22d68a40 0400 aaf95600 
5.8, 0.108304530382156, -1.75815868377686, 4.13791990280151, 5800010, 4, Calculating, 0, c4cedd3d 580be1bf d7698440 0400 4a805800 
5.9, 0.109917782247066, -1.74665784835815, 4.06345462799072, 5900010, 4, Calculating, 0, 931ce13d 7c92dfbf d2078240 0400 ea065a00 
6, 0.1112886890769, -1.78948986530304, 4.14257764816284, 6000010, 4, Calculating, 0, 53ebe33d 010ee5bf ff8f8440 0400 8a8d5b00 
6.1, 0.11065499484539, -1.74541425704956, 3.9186851978302, 6100010, 4, Calculating, 0, 169fe23d bc69dfbf bdcb7a40 0400 2a145d00 
6.2, 0.109658189117908, -1.73790192604065, 3.85107564926147, 6200010, 4, Calculating, 0, 7994e03d 9273debf 06787640 0400 ca9a5e00 
6.3, 0.11000183224678, -1.79305708408356, 3.7978777885437, 6300010, 4, Calculating, 0, a448e13d e582e5bf 6e107340 0400 6a216000 
6.4, 0.108502753078938, -1.77364861965179, 3.76487445831299, 6400010, 4, Calculating, 0, b136de3d eb06e3bf b4f37040 0400 0aa86100 
6.5, 0.102905474603176, -1.55191278457642, 3.32214426994324, 6500010, 4, Calculating, 0, 1bc0d23d 14a5c6bf 039e5440 0400 aa2e6300 
6.6, 0.094792976975441, -1.30257129669189, 2.80608439445496, 6600010, 4, Calculating, 0, d222c23d a8baa6bf e3963340 0400 4ab56400 
6.7, 0.0865776687860489, -1.18763422966003, 2.27445363998413, 6700010, 4, Calculating, 0, a24fb13d 660498bf a6901140 0400 ea3b6600 
6.8, 0.078665129840374, -0.927128970623016, 1.80030167102814, 6800010, 4, Calculating, 0, 2f1ba13d 53586dbf 4970e63f 0400 8ac26700 
6.9, 0.0710969269275665, -0.839140117168427, 1.60982811450958, 6900010, 4, Calculating, 0, 449b913d e3d156bf d90ece3f 0400 2a496900 
7, 0.0644401535391808, -0.734100699424744, 1.30011475086212, 7000010, 4, Calculating, 0, 33f9833d 06ee3bbf 296aa63f 0400 cacf6a00 
7.1, 0.0583995804190636, -0.659850060939789, 0.82276976108551, 7100010, 4, Calculating, 0, 66346f3d efeb28bf 0aa1523f 0400 6a566c00 
7.2, 0.0526981391012669, -0.406267762184143, 0.914199590682983, 7200010, 4, Calculating, 0, 01da573d 5402d0be fc086a3f 0400 0add6d00 
7.3, 0.0477302819490433, -0.253003537654877, 0.534036993980408, 7300010, 4, Calculating, 0, d480433d ae8981be a6b6083f 0400 aa636f00 
7.4, 0.04311778023839, -0.379882037639618, 0.641827285289764, 7400010, 4, Calculating, 0, 459c303d e67fc2be cb4e243f 0400 4aea7000 
7.5, 0.0389325134456158, -0.293648928403854, 0.654067993164063, 7500010, 4, Calculating, 0, b3771f3d 275996be 0071273f 0400 ea707200 
7.6, 0.0352462865412235, -0.323026865720749, 0.405404984951019, 7600010, 4, Calculating, 0, 695e103d c763a5be 3e91cf3e 0400 8af77300 
7.7, 0.0320835784077644, -0.00683872727677226, 0.406232804059982, 7700010, 4, Calculating, 0, 126a033d 6717e0bb bffdcf3e 0400 2a7e7500 
7.8, 0.0292353443801403, 0.0269428063184023, 0.258280843496323, 7800010, 4, Calculating, 0, f67eef3c 29b7dc3c 633d843e 0400 ca047700 
7.9, 0.0259657092392445, -0.380435675382614, 0.265902638435364, 7900010, 4, Calculating, 0, 0ab6d43c 77c8c2be 6424883e 0400 6a8b7800 
8, 0.0241068992763758, -0.343133389949799, 0.270859390497208, 8000010, 4, Calculating, 0, d57bc53c 2eafafbe 15ae8a3e 0400 0a127a00 
8.1, 0.0225393660366535, 0.0434425622224808, -0.304731756448746, 8100010, 4, Calculating, 0, 7aa4b83c d4f0313d cd059cbe 0400 aa987b00 
8.1, 0.338103860616684, 0.0434425622224808, -0.304731756448746, 8100280, 8, FinalEnergyRecord, 0, f31bad3e d4f0313d cd059cbe 0800 b8997b00 
8.3, 0.0193062070757151, -0.00712361466139555, -0.0179870892316103, 8200010, 0, 0, 0, 0d289e3c 366de9bb a95993bc 0000 4a1f7d00 
8.4, 0.0177111309021711, -0.111819878220558, 0.121482208371162, 8300010, 0, 0, 0, ef16913c d201e5bd aacbf83d 0000 eaa57e00 
8.5, 0.0165992900729179, -0.206086471676826, -0.0592850036919117, 8400010, 0, 0, 0, 3cfb873c 550853be d5d472bd 0000 8a2c8000 
8.6, 0.0147706437855959, 0.0497549660503864, 0.208520233631134, 8500010, 0, 0, 0, 9200723c ddcb4b3d 5486553e 0000 2ab38100 
8.7, 0.0132732260972261, -0.297470360994339, -0.015502511523664, 8600010, 0, 0, 0, f277593c 094e98be 3ffe7dbc 0000 ca398300 
8.8, 0.0119004482403398, 0.161136731505394, -0.0563687309622765, 8700000, 0, 0, 0, 19fa423c 0701253e e6e266bd 0000 60c08400 
8.9, 0.0114510515704751, -0.26701831817627, -0.287370413541794, 8800010, 0, 0, 0, 319d3b3c a0b688be 372293be 0000 0a478600 
9, 0.00992622412741184, 0.69688093662262, -0.298811256885529, 8900010, 0, 0, 0, 9aa1223c ca66323f cafd98be 0000 aacd8700 
9.1, 0.00927905552089214, 0.726845800876617, -0.0907316133379936, 9000000, 0, 0, 0, 2e07183c 91123a3f 7fd1b9bd 0000 40548900 
9.2, 0.00768157606944442, 0.79625403881073, -0.322401404380798, 9100000, 0, 0, 0, bbb5fb3b 4ed74b3f cc11a5be 0000 e0da8a00 
9.3, 0.00760331191122532, -0.345342934131622, 0.080303356051445, 9200000, 0, 0, 0, 3425f93b cad0b0be 1676a43d 0000 80618c00 
9.4, 0.00685190269723535, 0.0938621386885643, -0.454909354448318, 9300000, 0, 0, 0, ed85e03b cb3ac03d e1e9e8be 0000 20e88d00 
9.5, 0.00619643041864038, 0.469195038080215, -0.0877038985490799, 9400000, 0, 0, 0, 6d0bcb3b 553af03e 1a9eb3bd 0000 c06e8f00 
9.6, 0.00608318066224456, 2.2342312335968, -0.0481130629777908, 9500000, 0, 0, 0, 6b55c73b a5fd0e40 341245bd 0000 60f59000 
9.7, 0.00498004490509629, -0.201692402362823, -0.18961726129055, 9600000, 0, 0, 0, a52fa33b 74884ebe 072b42be 0000 007c9200 
9.8, 0.00466252584010363, 2.28513622283936, -1.07435131072998, 9700000, 0, 0, 0, 1ac8983b ac3f1240 588489bf 0000 a0029400 
9.9, 0.00468142610043287, 0.295081675052643, 0.524518847465515, 9800010, 0, 0, 0, a666993b f214973e de46063f 0000 4a899500 
10, 0.00381369679234922, 1.69975602626801, -2.49697065353394, 9900000, 0, 0, 0, 37ef793b 9b91d93f 5ece1fc0 0000 e00f9700 
10.1, 0.00339075224474072, 1.24295175075531, 1.97623944282532, 10000000, 0, 0, 0, 62375e3b 0b199f3f 6af5fc3f 0000 80969800 
10.2, 0.00362105504609644, 0.822518706321716, -1.49323153495789, 10100000, 0, 0, 0, 394f6d3b 9690523f 3622bfbf 0000 201d9a00 
10.3, 0.00281946337781847, -2.39832878112793, -1.5614515542984, 10200000, 0, 0, 0, bfc6383b 387e19c0 a5ddc7bf 0000 c0a39b00 
10.4, 0.00274266628548503, 1.30796349048615, -1.82942080497742, 10300000, 0, 0, 0, 4ebe333b 596ba73f 762aeabf 0000 602a9d00 
10.5, 0.00249562691897154, 0.815477848052979, -3.34203386306763, 10400000, 0, 0, 0, ac8d233b 28c3503f e2e355c0 0000 00b19e00 
10.6, 0.00164308305829763, -0.911983013153076, -2.3387303352356, 10500000, 0, 0, 0, b85cd73a b87769bf c2ad15c0 0000 a037a000 
10.7, 0.00155911967158318, 1.60641038417816, -2.42687153816223, 10600000, 0, 0, 0, 605bcc3a db9ecd3f dd511bc0 0000 40bea100 
10.8, 0.00190179026685655, 2.8515191078186, -0.234061703085899, 10700000, 0, 0, 0, 7e45f93a 4a7f3640 dfad6fbe 0000 e044a300 
10.9, 0.00143279740586877, 2.96568155288696, 7.40749883651733, 10800000, 0, 0, 0, b4ccbb3a bacd3d40 3b0aed40 0000 80cba400 
11, 0.000920569058507681, 0, 0, 10899990, 0, 0, 0, 5852713a 00000000 00000000 0000 1652a600 
11.1, 0.00157397624570876, 0.239651560783386, 2.63453722000122, 11000000, 0, 0, 0, e14dce3a 3867753e 429c2840 0000 c0d8a700 
11.2, 0.00187436211854219, 3.42681407928467, -3.33438563346863, 11100010, 0, 0, 0, 28adf53a ec505b40 936655c0 0000 6a5fa900 
11.3, 0.00125204364303499, -1.0550274848938, 5.90571403503418, 11200010, 0, 0, 0, 9d1ba43a 240b87bf 9cfbbc40 0000 0ae6aa00 
11.4, 0.00135930464603007, 3.94381380081177, -4.23707723617554, 11300010, 0, 0, 0, b22ab23a 72677c40 239687c0 0000 aa6cac00 
11.5, 0.00102203397545964, 4.26861524581909, -5.12046241760254, 11400010, 0, 0, 0, c5f5853a 7f988840 d4daa3c0 0000 4af3ad00 
11.6, 0.000958371441811323, 0, 0, 11500000, 0, 0, 0, 383b7b3a 00000000 00000000 0000 e079af00 
11.7, -1.04474074760219E-05, 0, 0, 11599990, 32, NegativePower, 0, 46472fb7 00000000 00000000 2000 7600b100 
11.8, 0.000610747199971229, 0, 0, 11699990, 0, 0, 0, 8d1a203a 00000000 00000000 0000 1687b200 
11.9, -7.62616764404811E-05, 0, 0, 11800000, 32, NegativePower, 0, adee9fb8 00000000 00000000 2000 c00db400 
12, -0.000284767913399264, 0, 0, 11899990, 32, NegativePower, 0, e74c95b9 00000000 00000000 2000 5694b500 
12.1, 0.000501952774357051, 0, 0, 12000000, 0, 0, 0, 7b95033a 00000000 00000000 0000 001bb700 
12.2, 0.00111840886529535, -0.709859251976013, -7.35339546203613, 12100000, 0, 0, 0, 9397923a 56b935bf 044febc0 0000 a0a1b800 
12.3, -0.000512367056217045, 0, 0, 12199990, 32, NegativePower, 0, 5f5006ba 00000000 00000000 2000 3628ba00 
12.4, 2.21299706026912E-05, 0, 0, 12299990, 0, 0, 0, c0a3b937 00000000 00000000 0000 d6aebb00 
12.5, 0.000112590321805328, 0, 0, 12399990, 0, 0, 0, 781eec38 00000000 00000000 0000 7635bd00 
12.6, 0.000123741658171639, 0, 0, 12499990, 0, 0, 0, a6c00139 00000000 00000000 0000 16bcbe00 
12.7, -0.000244526978349313, 0, 0, 12599990, 32, NegativePower, 0, db3380b9 00000000 00000000 2000 b642c000 
12.8, -0.000291396165266633, 0, 0, 12699990, 32, NegativePower, 0, 88c698b9 00000000 00000000 2000 56c9c100 
12.9, -6.14581149420701E-05, 0, 0, 12799990, 32, NegativePower, 0, 13e380b8 00000000 00000000 2000 f64fc300 
13, -6.80850062053651E-05, 0, 0, 12899990, 32, NegativePower, 0, dcc88eb8 00000000 00000000 2000 96d6c400 
13.1, -0.000101249621366151, 0, 0, 12999990, 32, NegativePower, 0, fa55d4b8 00000000 00000000 2000 365dc600 
13.2, 0.000106446968857199, 0, 0, 13099990, 0, 0, 0, 483cdf38 00000000 00000000 0000 d6e3c700 
13.3, -0.00034605001565069, 0, 0, 13200000, 32, NegativePower, 0, 0c6eb5b9 00000000 00000000 2000 806ac900 
13.4, 3.64590164281253E-07, 0, 0, 13300000, 0, 0, 0, e4bcc334 00000000 00000000 0000 20f1ca00 
13.5, 0.000191547253052704, 0, 0, 13400000, 0, 0, 0, 13da4839 00000000 00000000 0000 c077cc00 
13.6, -3.67003594874404E-05, 0, 0, 13499990, 32, NegativePower, 0, b6ee19b8 00000000 00000000 2000 56fecd00 
13.7, -0.000165369885507971, 0, 0, 13599990, 32, NegativePower, 0, 24672db9 00000000 00000000 2000 f684cf00 
13.8, -0.000355994532583281, 0, 0, 13699990, 32, NegativePower, 0, c7a4bab9 00000000 00000000 2000 960bd100 
13.9, -0.000576706894207746, 0, 0, 13800000, 32, NegativePower, 0, 252e17ba 00000000 00000000 2000 4092d200 
14, -0.000324207765515894, 0, 0, 13899990, 32, NegativePower, 0, 6efaa9b9 00000000 00000000 2000 d618d400 
14.1, -0.000182073359610513, 0, 0, 13999990, 32, NegativePower, 0, f2ea3eb9 00000000 00000000 2000 769fd500 
14.2, -0.000168841856066138, 0, 0, 14099990, 32, NegativePower, 0, 240b31b9 00000000 00000000 2000 1626d700 
14.3, -2.69437914539594E-05, 0, 0, 14199990, 32, NegativePower, 0, 5a05e2b7 00000000 00000000 2000 b6acd800 
14.4, -0.000247353775193915, 0, 0, 14299990, 32, NegativePower, 0, 43af81b9 00000000 00000000 2000 5633da00 
14.5, 0.000182925316039473, 0, 0, 14399990, 0, 0, 0, a4cf3f39 00000000 00000000 0000 f6b9db00 
14.6, 0.00050971214659512, 0, 0, 14499990, 0, 0, 0, 349e053a 00000000 00000000 0000 9640dd00 
14.7, -0.000351970200426877, 0, 0, 14599990, 32, NegativePower, 0, a488b8b9 00000000 00000000 2000 36c7de00 
14.8, -0.000142396442242898, 0, 0, 14699990, 32, NegativePower, 0, 415015b9 00000000 00000000 2000 d64de000 
14.9, -0.000742267235182226, 0, 0, 14799990, 32, NegativePower, 0, b69442ba 00000000 00000000 2000 76d4e100 
15, -0.000128130821394734, 0, 0, 14899990, 32, NegativePower, 0, db5a06b9 00000000 00000000 2000 165be300 
15.1, -0.000347518071066588, 0, 0, 14999990, 32, NegativePower, 0, 1633b6b9 00000000 00000000 2000 b6e1e400 
15.2, -0.000625233806204051, 0, 0, 15099990, 32, NegativePower, 0, bbe623ba 00000000 00000000 2000 5668e600 
15.3, -0.000224432471441105, 0, 0, 15199990, 32, NegativePower, 0, a2556bb9 00000000 00000000 2000 f6eee700 
15.4, -0.000941224803682417, 0, 0, 15299990, 32, NegativePower, 0, 87bc76ba 00000000 00000000 2000 9675e900 
15.5, -0.00046440216829069, 0, 0, 15400000, 32, NegativePower, 0, 017bf3b9 00000000 00000000 2000 40fcea00 
15.6, -0.000122193014249206, 0, 0, 15499990, 32, NegativePower, 0, f02000b9 00000000 00000000 2000 d682ec00 
15.7, -0.000268975913058966, 0, 0, 15599990, 32, NegativePower, 0, 56058db9 00000000 00000000 2000 7609ee00 
15.8, -0.0005114606465213, 0, 0, 15699990, 32, NegativePower, 0, 8b1306ba 00000000 00000000 2000 1690ef00 
15.9, -0.000712719396688044, 0, 0, 15800000, 32, NegativePower, 0, cad53aba 00000000 00000000 2000 c016f100 
16, -0.000293424091069028, 0, 0, 15899990, 32, NegativePower, 0, b7d699b9 00000000 00000000 2000 569df200 
16.1, -0.00126935495063663, 0, 0, 15999990, 32, NegativePower, 0, 7c60a6ba 00000000 00000000 2000 f623f400 
16.2, -0.000396511895814911, 0, 0, 16099990, 32, NegativePower, 0, ede2cfb9 00000000 00000000 2000 96aaf500 
16.3, -0.00066463160328567, 0, 0, 16199990, 32, NegativePower, 0, ac3a2eba 00000000 00000000 2000 3631f700 
16.4, -0.000672716705594212, 0, 0, 16299990, 32, NegativePower, 0, 415930ba 00000000 00000000 2000 d6b7f800 
16.5, -0.000863039225805551, 0, 0, 16400000, 32, NegativePower, 0, 953d62ba 00000000 00000000 2000 803efa00 
16.6, -0.000361481652362272, 0, 0, 16500000, 32, NegativePower, 0, 3f85bdb9 00000000 00000000 2000 20c5fb00 
16.7, 0.000171975480043329, 0, 0, 16600000, 0, 0, 0, 51543439 00000000 00000000 0000 c04bfd00 
16.8, -0.000117573203169741, 0, 0, 16700000, 32, NegativePower, 0, a291f6b8 00000000 00000000 2000 60d2fe00 
16.9, -0.000464196491520852, 0, 0, 16800000, 32, NegativePower, 0, 665ff3b9 00000000 00000000 2000 00590001 
17, -5.67330744161154E-06, 0, 0, 16900000, 32, NegativePower, 0, 575dbeb6 00000000 00000000 2000 a0df0101 
17.1, -5.53895515622571E-05, 0, 0, 17000000, 32, NegativePower, 0, 145268b8 00000000 00000000 2000 40660301 
17.2, -0.000409117463277653, 0, 0, 17099990, 32, NegativePower, 0, d17ed6b9 00000000 00000000 2000 d6ec0401 
17.3, -0.000240385430515744, 0, 0, 17199990, 32, NegativePower, 0, f90f7cb9 00000000 00000000 2000 76730601 
17.4, 0.000196414432139136, 0, 0, 17300000, 0, 0, 0, 99f44d39 00000000 00000000 0000 20fa0701 
17.5, -0.000414141977671534, 0, 0, 17400000, 32, NegativePower, 0, 3221d9b9 00000000 00000000 2000 c0800901 
17.6, -0.000255998980719596, 0, 0, 17499990, 32, NegativePower, 0, 9a3786b9 00000000 00000000 2000 56070b01 
17.7, -0.000470699247671291, 0, 0, 17599990, 32, NegativePower, 0, 2fc8f6b9 00000000 00000000 2000 f68d0c01 
17.8, -4.44437719124835E-05, 0, 0, 17699990, 32, NegativePower, 0, 23693ab8 00000000 00000000 2000 96140e01 
17.9, -0.000453354994533584, 0, 0, 17800000, 32, NegativePower, 0, 47b0edb9 00000000 00000000 2000 409b0f01 
18, -0.00019603811961133, 0, 0, 17899990, 32, NegativePower, 0, 958f4db9 00000000 00000000 2000 d6211101 
18.1, -0.000285956804873422, 0, 0, 18000000, 32, NegativePower, 0, 79ec95b9 00000000 00000000 2000 80a81201 
18.2, -0.00030174566200003, 0, 0, 18100000, 32, NegativePower, 0, 9e339eb9 00000000 00000000 2000 202f1401 
18.3, -0.000403467478463426, 0, 0, 18200000, 32, NegativePower, 0, 7d88d3b9 00000000 00000000 2000 c0b51501 
18.4, -0.00026169532793574, 0, 0, 18300000, 32, NegativePower, 0, 273489b9 00000000 00000000 2000 603c1701 
18.5, -0.000156671347212978, 0, 0, 18400000, 32, NegativePower, 0, 254824b9 00000000 00000000 2000 00c31801 
18.6, -0.000768920115660876, 0, 0, 18500000, 32, NegativePower, 0, 5b9149ba 00000000 00000000 2000 a0491a01 
18.7, -0.000869385607074946, 0, 0, 18600000, 32, NegativePower, 0, 7be763ba 00000000 00000000 2000 40d01b01 
18.8, -0.000735982437618077, 0, 0, 18700000, 32, NegativePower, 0, f2ee40ba 00000000 00000000 2000 e0561d01 
18.9, -0.000544210139196366, 0, 0, 18800000, 32, NegativePower, 0, 53a90eba 00000000 00000000 2000 80dd1e01 
19, -0.000136233909870498, 0, 0, 18900000, 32, NegativePower, 0, 03da0eb9 00000000 00000000 2000 20642001 
19.1, -0.000405606493586674, 0, 0, 19000000, 32, NegativePower, 0, 95a7d4b9 00000000 00000000 2000 c0ea2101 
19.2, 0.000294593424769118, 0, 0, 19100000, 0, 0, 0, a9739a39 00000000 00000000 0000 60712301 
19.3, -0.000234923310927115, 0, 0, 19200000, 32, NegativePower, 0, bf5576b9 00000000 00000000 2000 00f82401 
19.4, -0.00032822965295054, 0, 0, 19300000, 32, NegativePower, 0, 3d16acb9 00000000 00000000 2000 a07e2601 
19.5, -0.000172428801306523, 0, 0, 19400000, 32, NegativePower, 0, 01ce34b9 00000000 00000000 2000 40052801 
19.6, -0.00102866243105382, 0, 0, 19500000, 32, NegativePower, 0, 2fd486ba 00000000 00000000 2000 e08b2901 
19.7, -0.000316737510729581, 0, 0, 19600000, 32, NegativePower, 0, ca0fa6b9 00000000 00000000 2000 80122b01 
19.8, -0.000156109323143028, 0, 0, 19700000, 32, NegativePower, 0, 47b123b9 00000000 00000000 2000 20992c01 
19.9, -0.000118715586722828, 0, 0, 19800000, 32, NegativePower, 0, f2f6f8b8 00000000 00000000 2000 c01f2e01 
20, -0.000802993075922132, 0, 0, 19900000, 32, NegativePower, 0, f47f52ba 00000000 00000000 2000 60a62f01 
20.1, -0.000641849997919053, 0, 0, 20000000, 32, NegativePower, 0, d34128ba 00000000 00000000 2000 002d3101 
20.2, 0.000189369893632829, 0, 0, 20100000, 0, 0, 0, 98914639 00000000 00000000 0000 a0b33201 
20.3, 1.99455844267504E-05, 0, 0, 20200000, 0, 0, 0, d150a737 00000000 00000000 0000 403a3401 
20.4, 0.000242051450186409, 0, 0, 20300000, 0, 0, 0, 31cf7d39 00000000 00000000 0000 e0c03501 
20.5, -0.000315643555950373, 0, 0, 20400000, 32, NegativePower, 0, f67ca5b9 00000000 00000000 2000 80473701 
20.6, -0.000220446469029412, 0, 0, 20500000, 32, NegativePower, 0, a62767b9 00000000 00000000 2000 20ce3801 
20.7, -0.000348835077602416, 0, 0, 20600000, 32, NegativePower, 0, dae3b6b9 00000000 00000000 2000 c0543a01 
20.8, -0.000434205518104136, 0, 0, 20700000, 32, NegativePower, 0, 14a6e3b9 00000000 00000000 2000 60db3b01 
20.9, -1.00714787549805E-05, 0, 0, 20800000, 32, NegativePower, 0, acf828b7 00000000 00000000 2000 00623d01 
21, -0.000712406937964261, 0, 0, 20900000, 32, NegativePower, 0, d2c03aba 00000000 00000000 2000 a0e83e01 
21.1, -0.000562955043278635, 0, 0, 21000000, 32, NegativePower, 0, 469313ba 00000000 00000000 2000 406f4001 
21.2, -0.000778349349275231, 0, 0, 21100000, 32, NegativePower, 0, 240a4cba 00000000 00000000 2000 e0f54101 
21.3, -0.00063432299066335, 0, 0, 21200000, 32, NegativePower, 0, b24826ba 00000000 00000000 2000 807c4301 
21.4, -0.000404098245780915, 0, 0, 21300000, 32, NegativePower, 0, 26ddd3b9 00000000 00000000 2000 20034501 
21.5, -0.000307464011712, 0, 0, 21400000, 32, NegativePower, 0, 1f33a1b9 00000000 00000000 2000 c0894601 
21.6, -0.000358987046638504, 0, 0, 21500000, 32, NegativePower, 0, 6d36bcb9 00000000 00000000 2000 60104801 
21.7, -0.000309942959574983, 0, 0, 21600000, 32, NegativePower, 0, d77fa2b9 00000000 00000000 2000 00974901 
21.8, 0.000153206827235408, 0, 0, 21700000, 0, 0, 0, 25a62039 00000000 00000000 0000 a01d4b01 
21.9, -0.000568152579944581, 0, 0, 21800000, 32, NegativePower, 0, 13f014ba 00000000 00000000 2000 40a44c01 
22, -0.00012270497973077, 0, 0, 21900000, 32, NegativePower, 0, 5eaa00b9 00000000 00000000 2000 e02a4e01 
22.1, -0.00024485302856192, 0, 0, 22000000, 32, NegativePower, 0, 9e5f80b9 00000000 00000000 2000 80b14f01 
22.2, -0.000340447906637564, 0, 0, 22100000, 32, NegativePower, 0, 257eb2b9 00000000 00000000 2000 20385101 
22.3, -0.000307924870867282, 0, 0, 22200000, 32, NegativePower, 0, fa70a1b9 00000000 00000000 2000 c0be5201 
22.4, -7.46558362152427E-05, 0, 0, 22300000, 32, NegativePower, 0, 8c909cb8 00000000 00000000 2000 60455401 
22.5, -0.000287396687781438, 0, 0, 22400000, 32, NegativePower, 0, bbad96b9 00000000 00000000 2000 00cc5501 
22.6, 3.40973820129875E-05, 0, 0, 22500000, 0, 0, 0, c9030f38 00000000 00000000 0000 a0525701 
22.7, 0.0014312508283183, 6.9729528427124, -2.47682118415833, 22600010, 0, 0, 0, cf98bb3a 6e22df40 3d841ec0 0000 4ad95801 
22.8, 0.00587530108168721, 4.46802759170532, -0.849413990974426, 22700010, 0, 0, 0, 9985c03b 15fa8e40 327359bf 0000 ea5f5a01 
22.9, 0.0125466929748654, 4.57605409622192, -1.53744173049927, 22800010, 4, Calculating, 0, a5904d3c 096f9240 e4cac4bf 0400 8ae65b01 
23, 0.0205989964306355, 2.83336019515991, -1.77921617031097, 22900010, 4, Calculating, 0, 3abfa83c c6553540 5bbde3bf 0400 2a6d5d01 
23.1, 0.0277305152267218, 1.35813796520233, -1.93272888660431, 23000010, 4, Calculating, 0, 1b2be33c 77d7ad3f a963f7bf 0400 caf35e01 
23.2, 0.0340788178145885, 0.499178916215897, -1.82310092449188, 23100010, 4, Calculating, 0, 3b960b3d 6194ff3e 5f5be9bf 0400 6a7a6001 
23.3, 0.0408769026398659, 0.391102224588394, -2.01274394989014, 23200010, 4, Calculating, 0, 8a6e273d 8d3ec83e ccd000c0 0400 0a016201 
23.4, 0.046077411621809, 0.135365679860115, -1.95903623104095, 23300010, 4, Calculating, 0, abbb3c3d 4d9d0a3e b3c1fabf 0400 aa876301 
23.5, 0.0516976416110992, 0.15948598086834, -1.88400495052338, 23400010, 4, Calculating, 0, e8c0533d 4b50233e 1327f1bf 0400 4a0e6501 
23.6, 0.0561840385198593, 0.0887051001191139, -1.68529939651489, 23500010, 4, Calculating, 0, 3c21663d 05abb53d e4b7d7bf 0400 ea946601 
23.7, 0.0603025071322918, -0.0863851681351662, -1.53951418399811, 23600010, 4, Calculating, 0, c3ff763d b5eab0bd cd0ec5bf 0400 8a1b6801 
23.8, 0.0641632899641991, -0.0135181760415435, -1.39785826206207, 23700010, 4, Calculating, 0, 0b68833d 577b5dbc 05edb2bf 0400 2aa26901 
23.9, 0.0680587217211723, 0.18883703649044, -1.08583617210388, 23800010, 4, Calculating, 0, 5f628b3d 7f5e413e aefc8abf 0400 ca286b01 
24, 0.0712650492787361, 0.0235628932714462, -0.9424968957901, 23900010, 4, Calculating, 0, 69f3913d f806c13c 7a4771bf 0400 6aaf6c01 
24.1, 0.0740018859505653, 0.158587709069252, -0.948289155960083, 24000010, 4, Calculating, 0, 4d8e973d d164223e 14c372bf 0400 0a366e01 
24.2, 0.0766615644097328, 0.126625880599022, -0.806824803352356, 24100010, 4, Calculating, 0, bd009d3d 37aa013e 128c4ebf 0400 aabc6f01 
24.3, 0.0784529894590378, 0.142058923840523, -0.786023139953613, 24200010, 4, Calculating, 0, f6aba03d e577113e d03849bf 0400 4a437101 
24.4, 0.08061134070158, 0.0652537643909454, -0.868915915489197, 24300010, 4, Calculating, 0, 8f17a53d c4a3853d 46715ebf 0400 eac97201 
24.5, 0.0824862346053123, 0.313799232244492, -0.678652942180634, 24400010, 4, Calculating, 0, 8beea83d 4baaa03e 33bc2dbf 0400 8a507401 
24.6, 0.0848072618246078, 0.257169812917709, -0.698445022106171, 24500010, 4, Calculating, 0, 6eafad3d c3ab833e 4bcd32bf 0400 2ad77501 
24.7, 0.0862260013818741, 0.196236118674278, -0.663336515426636, 24600010, 4, Calculating, 0, 4297b03d 1ff2483e 6cd029bf 0400 ca5d7701 
24.8, 0.0875924527645111, 0.28094008564949, -0.605778634548187, 24700010, 4, Calculating, 0, ac63b33d 61d78f3e 4f141bbf 0400 6ae47801 
24.9, 0.0886192470788956, 0.217384934425354, -0.562018811702728, 24800010, 4, Calculating, 0, 027eb53d 289a5e3e 77e00fbf 0400 0a6b7a01 
25, 0.0881019681692123, 0.188098832964897, -0.595369875431061, 24900010, 4, Calculating, 0, ce6eb43d fb9c403e 296a18bf 0400 aaf17b01 
25.1, 0.0848365724086761, 0.218669533729553, -0.527961373329163, 25000010, 4, Calculating, 0, ccbead3d e8ea5f3e 7a2807bf 0400 4a787d01 
25.2, 0.0818569958209991, 0.3046875, -0.635494947433472, 25100010, 4, Calculating, 0, a4a4a73d 00009c3e ccaf22bf 0400 eafe7e01 
25.3, 0.0818650275468826, 0.12847912311554, -0.582877814769745, 25200010, 4, Calculating, 0, daa8a73d 0890033e 7b3715bf 0400 8a858001 
25.4, 0.0811805799603462, 0.336011350154877, -0.656448423862457, 25300010, 4, Calculating, 0, 0142a63d ae09ac3e 010d28bf 0400 2a0c8201 
25.5, 0.0771514996886253, 0.29890713095665, -0.653260409832001, 25400010, 4, Calculating, 0, 9b019e3d 5b0a993e 133c27bf 0400 ca928301 
25.6, 0.0721242725849152, 0.0991495251655579, -0.501198828220367, 25500010, 4, Calculating, 0, e4b5933d e80ecb3d 914e00bf 0400 6a198501 
25.7, 0.0659167319536209, 0.194359228014946, -0.610137224197388, 25600010, 4, Calculating, 0, 5aff863d 1b06473e f4311cbf 0400 0aa08601 
25.8, 0.0596276000142097, 0.153474166989326, -0.443084478378296, 25700010, 4, Calculating, 0, 123c743d 55281d3e f8dbe2be 0400 aa268801 
25.9, 0.0541381798684597, 0.0795499235391617, -0.437209129333496, 25800010, 4, Calculating, 0, ffbf5d3d 12eba23d e0d9dfbe 0400 4aad8901 
26, 0.048799954354763, -0.0324098207056522, -0.318441271781921, 25900010, 4, Calculating, 0, 76e2473d 29c004bd bc0aa3be 0400 ea338b01 
26.1, 0.0449083931744099, -0.102844081819057, -0.503870964050293, 26000010, 4, Calculating, 0, ddf1373d eb9fd2bd b0fd00bf 0400 8aba8c01 
26.2, 0.039713691920042, 0.213652372360229, -0.349638640880585, 26100010, 4, Calculating, 0, d3aa223d b0c75a3e d603b3be 0400 2a418e01 
26.3, 0.0356757938861847, 0.047114834189415, -0.273100107908249, 26200010, 4, Calculating, 0, c820123d 7cfb403d c7d38bbe 0400 cac78f01 
26.4, 0.0326779708266258, 0.103985890746117, -0.718117475509644, 26300010, 4, Calculating, 0, 56d9053d 8ef6d43d 8cd637bf 0400 6a4e9101 
26.5, 0.0294825416058302, -0.196360021829605, -0.298958212137222, 26400010, 4, Calculating, 0, 5f85f13c 9a1249be 0d1199be 0400 0ad59201 
26.6, 0.0268799625337124, 0.0833298712968826, -0.30205437541008, 26500010, 4, Calculating, 0, 5e33dc3c daa8aa3d dfa69abe 0400 aa5b9401 
26.7, 0.0239101648330688, 0.0765539109706879, -0.27239853143692, 26600010, 4, Calculating, 0, 40dfc33c 4cc89c3d d2778bbe 0400 4ae29501 
26.8, 0.0219716001302004, -0.150992810726166, -0.411123752593994, 26700010, 4, Calculating, 0, c9fdb33c dc9d1abe d07ed2be 0400 ea689701 
26.9, 0.0196184068918228, -0.0538263469934464, -0.37510684132576, 26800010, 4, Calculating, 0, c8b6a03c 04795cbd 010ec0be 0400 8aef9801 
27, 0.0178876556456089, -0.456926107406616, -0.217121616005898, 26900010, 4, Calculating, 0, 2289923c 38f2e9be 21555ebe 0400 2a769a01 
27.1, 0.016557103022933, -0.139079347252846, -0.266084611415863, 27000010, 4, Calculating, 0, c3a2873c d16a0ebe 3e3c88be 0400 cafc9b01 
27.1, 0.249445125460625, -0.139079347252846, -0.266084611415863, 27000280, 8, FinalEnergyRecord, 0, 8b6e7f3e d16a0ebe 3e3c88be 0800 d8fd9b01 
27.3, 0.0152423223480582, 0.0661359056830406, -0.699205458164215, 27100010, 0, 0, 0, efba793c 4372873d 21ff32bf 0000 6a839d01 
27.4, 0.0132659347727895, 0.0376223362982273, -0.50776606798172, 27200010, 0, 0, 0, 5d59593c e1191a3d f5fc01bf 0000 0a0a9f01 
27.5, 0.0120177501812577, -0.00641334895044565, 0.100257262587547, 27300010, 0, 0, 0, 19e6443c 1227d2bb ae53cd3d 0000 aa90a001 
27.6, 0.0112739326432347, 0.292195081710815, -1.17619657516479, 27400010, 0, 0, 0, 4db6383c 989a953e 9c8d96bf 0000 4a17a201 
27.7, 0.00985744781792164, 0.191551446914673, -0.710764288902283, 27500010, 0, 0, 0, 2281213c 1026443e a6f435bf 0000 ea9da301 
27.8, 0.00969841144979, 0.833333849906921, -1.14154994487762, 27600010, 0, 0, 0, 16e61e3c 5e55553f 4f1e92bf 0000 8a24a501 
27.9, 0.00818080361932516, -0.344725966453552, 0.511482715606689, 27700010, 0, 0, 0, c708063c ec7fb0be 88f0023f 0000 2aaba601 
28, 0.00734771974384785, -0.18013633787632, -1.80410039424896, 27800010, 0, 0, 0, 24c5f03b a97538be c3ece6bf 0000 ca31a801 
28.1, 0.00688109686598182, 0.21192067861557, -1.07495045661926, 27900010, 0, 0, 0, d37ae13b bc01593e fa9789bf 0000 6ab8a901 
28.2, 0.00648209685459733, -0.615400910377502, -1.48540902137756, 28000010, 0, 0, 0, c567d43b ea8a1dbf e221bebf 0000 0a3fab01 
28.3, 0.00531945703551173, -0.367050588130951, -2.18653726577759, 28100010, 0, 0, 0, d74eae3b 0eeebbbe 3af00bc0 0000 aac5ac01 
28.4, 0.00495322700589895, 1.79277062416077, 0.349715918302536, 28200010, 0, 0, 0, ae4ea23b 8279e53f f70db33e 0000 4a4cae01 
28.5, 0.00465896353125572, 1.68637824058533, -0.74819940328598, 28300010, 0, 0, 0, 38aa983b 3edbd73f ff893fbf 0000 ead2af01 
28.6, 0.00500087719410658, 0.741419911384583, -2.35971856117249, 28400010, 0, 0, 0, 66dea33b b2cd3d3f a10517c0 0000 8a59b101 
28.7, 0.00413570273667574, -0.040128581225872, -0.576297163963318, 28500010, 0, 0, 0, ca84873b de5d24bd 368813bf 0000 2ae0b201 
28.8, 0.00383740989491344, 1.07549285888672, 0.332555919885635, 28600010, 0, 0, 0, 0e7d7b3b c0a9893f c544aa3e 0000 ca66b401 
28.9, 0.00328593561425805, 1.94108939170837, -3.37844514846802, 28700010, 0, 0, 0, da58573b 9e75f83f 723858c0 0000 6aedb501 
29, 0.00245602917857468, 1.81063807010651, 0.987881600856781, 28800010, 0, 0, 0, 55f5203b fdc2e73f cfe57c3f 0000 0a74b701 
29.1, 0.00186078902333975, -4.25476360321045, -0.344310909509659, 28900010, 0, 0, 0, b8e5f33a 062788c0 8549b0be 0000 aafab801 
29.2, 0.0026920170057565, 0.562627792358398, -0.498330920934677, 29000010, 0, 0, 0, 8d6c303b 6008103f 3b25ffbe 0000 4a81ba01 
29.3, 0.00246958341449499, 1.68970501422882, -0.274829685688019, 29100010, 0, 0, 0, bcd8213b 4148d83f 7ab68cbe 0000 ea07bc01 
29.4, 0.00194701738655567, -2.18452882766724, -2.81777691841125, 29200010, 0, 0, 0, 1033ff3a 52cf0bc0 755634c0 0000 8a8ebd01 
29.5, 0.00200379989109933, 1.85564494132996, -2.32038640975952, 29300010, 0, 0, 0, 2f52033b c685ed3f 368114c0 0000 2a15bf01 
29.6, 0.00176030490547419, 3.35000276565552, 0.139335572719574, 29400010, 0, 0, 0, 08bae63a 72665640 fcad0e3e 0000 ca9bc001 
29.7, 0.00140002951957285, 4.76778554916382, -2.71383619308472, 29500010, 0, 0, 0, 3281b73a b3919840 7eaf2dc0 0000 6a22c201 
29.8, 0.00109521229751408, 4.80660533905029, -3.75332903862, 29600010, 0, 0, 0, 3a8d8f3a b6cf9940 8b3670c0 0000 0aa9c301 
29.9, 0.000982715282589197, 0, 0, 29700000, 0, 0, 0, 74ce803a 00000000 00000000 0000 a02fc501 
30, 0.000890424533281475, 0, 0, 29800010, 0, 0, 0, 616b693a 00000000 00000000 0000 4ab6c601 
30.1, 0.000720982439815998, 0, 0, 29900000, 0, 0, 0, 50003d3a 00000000 00000000 0000 e03cc801 
30.2, 0.000636748329270631, 0, 0, 30000000, 0, 0, 0, 75eb263a 00000000 00000000 0000 80c3c901 
30.3, 0.00100848113652319, 9.5, -0.380005657672882, 30100010, 0, 0, 0, 032f843a 00001841 1a90c2be 0000 2a4acb01 
30.4, 0.000296222948236391, 0, 0, 30200000, 0, 0, 0, 5f4e9b39 00000000 00000000 0000 c0d0cc01 
30.5, 0.000363105209544301, 0, 0, 30300000, 0, 0, 0, 285fbe39 00000000 00000000 0000 6057ce01 
30.6, -5.23531016369816E-05, 0, 0, 30400000, 32, NegativePower, 0, b7955bb8 00000000 00000000 2000 00decf01 
30.7, 5.36340739927255E-05, 0, 0, 30500000, 0, 0, 0, 26f56038 00000000 00000000 0000 a064d101 
30.8, -3.9662241761107E-05, 0, 0, 30600000, 32, NegativePower, 0, 025b26b8 00000000 00000000 2000 40ebd201 
30.9, -6.23546702627209E-06, 0, 0, 30700000, 32, NegativePower, 0, 413ad1b6 00000000 00000000 2000 e071d401 
31, 0.000497556175105274, 0, 0, 30800000, 0, 0, 0, 6e6e023a 00000000 00000000 0000 80f8d501 
31.1, 0.000335662887664512, 0, 0, 30900000, 0, 0, 0, e9fbaf39 00000000 00000000 0000 207fd701 
31.2, 0.000181172945303842, 0, 0, 31000000, 0, 0, 0, 3ef93d39 00000000 00000000 0000 c005d901 
31.3, 0.000391122244764119, 0, 0, 31100000, 0, 0, 0, 8a0fcd39 00000000 00000000 0000 608cda01 
31.4, -0.000448860722826794, 0, 0, 31200000, 32, NegativePower, 0, 1155ebb9 00000000 00000000 2000 0013dc01 
31.5, -0.000272164994385093, 0, 0, 31300000, 32, NegativePower, 0, 5eb18eb9 00000000 00000000 2000 a099dd01 
31.6, 0.000206231808988377, 0, 0, 31400000, 0, 0, 0, ee3f5839 00000000 00000000 0000 4020df01 
31.7, -0.000336610595695674, 0, 0, 31500000, 32, NegativePower, 0, 1c7bb0b9 00000000 00000000 2000 e0a6e001 
31.8, -0.000198095236555673, 0, 0, 31600000, 32, NegativePower, 0, c9b74fb9 00000000 00000000 2000 802de201 
31.9, -0.000267246650764719, 0, 0, 31700000, 32, NegativePower, 0, 3d1d8cb9 00000000 00000000 2000 20b4e301 
32, 0.000830179487820715, 0, 0, 31800000, 0, 0, 0, 67a0593a 00000000 00000000 0000 c03ae501 
32.1, 0.000146724269143306, 0, 0, 31900000, 0, 0, 0, ffd91939 00000000 00000000 0000 60c1e601 
32.2, 0.000141264783451334, 0, 0, 32000000, 0, 0, 0, 7a201439 00000000 00000000 0000 0048e801 
32.3, -0.000134880974655971, 0, 0, 32100000, 32, NegativePower, 0, d66e0db9 00000000 00000000 2000 a0cee901 

Skipped, , , , , "4f4b0d0a ", "OK\r\n"

